{"answer": {"7bb8f2d20bdb11eba7f7acde48001122": "Kansas City, Kansas", "6e0bfecb085e11ebbd5cac1f6bf848b6": "yes"}, "sp": {"7bb8f2d20bdb11eba7f7acde48001122": [["Silver Star (1910 Song)", 0], ["Charles L. Johnson", 1]], "6e0bfecb085e11ebbd5cac1f6bf848b6": [["Hostile Whirlwinds", 0], ["Wartime Romance", 0]]}, "evidence": {"7bb8f2d20bdb11eba7f7acde48001122": [["silver star 1910 song", "composer", "charles l johnson"], ["charles l johnson", "place of birth", "kansas city kansas"]], "6e0bfecb085e11ebbd5cac1f6bf848b6": [["hostile whirlwinds", "country of origin", "soviet"], ["wartime romance", "country of origin", "soviet"]]}}